label,name,notice,furigana
"資源ごみ（小型家電リサイク
ル）",ＩＣレコーダー,"電池使用のものは、電池を取り除いて下さい、個人情
報等のデータがあれば削除して出して下さい",あ
燃えないごみ,アイロン,,あ
燃えないごみ,アイロン台,,あ
"資源ごみ（ﾋﾞﾝ･ｶﾝ･ﾍﾟｯﾄﾎﾞﾄ
ﾙ）",空きカン【飲食用のものに限る】,"ｷｬｯﾌﾟ（栓）をはずし、中身を空にして、水で中を洗って
下さい",あ
燃えないごみ,空きカン【飲食用以外のもの】,,
"資源ごみ（ﾋﾞﾝ･ｶﾝ･ﾍﾟｯﾄﾎﾞﾄ
ﾙ）",空きビン【飲食用のものに限る】,"ｷｬｯﾌﾟ（栓）をはずし、中身を空にして、水で中を洗って
下さい",あ
燃えないごみ,空きビン【飲食用以外のもの】,,あ
燃えないごみ,"空きビンのキャップ
（金属製のもの）",,あ
燃えるごみ,"空きビンのキャップ
（プラスチック製のもの）",,あ
粗大ごみ,アコーディオンカーテン,,あ
燃えるごみ,足拭きマット,"一辺が60ｃｍ以上のものは、「燃えないごみ」として扱い
ます",あ
粗大ごみ,足ふみミシン,,あ
燃えないごみ,アタッシュケース,,あ
燃えるごみ,油紙,,あ
収集も受入もしないごみ,"油【食用】
（液体のままのもの）",専門業者または販売店に依頼、相談して下さい,あ
燃えるごみ,"油【食用】（新聞などにしみこませたもの・凝
固剤で固めたもの）",,あ
燃えるごみ,油とり紙,,あ
燃えないごみ,油ビン・油カン,中身を空にして下さい,あ
燃えるごみ,"油の容器
（プラスチック製のもの）",中身を空にして下さい,あ
燃えるごみ,雨合羽,,あ
収集も受入もしないごみ,網（漁業用のもの）,産業廃棄物です,あ
燃えるごみ,網（家庭から出たもの）,一辺が60cm未満になるよう切って下さい,あ
燃えないごみ,編み機,,あ
燃えないごみ,網戸,,あ
有害ごみ,アルカリ乾電池,"「乾電池」と「蛍光灯・蛍光管・体温計・温度計」に分けて
下さい",あ
燃えるごみ,"アルミコーティング袋
（菓子・薬などの包装袋類）",,あ
粗大ごみ,アルミサッシ,多量の場合は現地確認が必要です,あ
燃えるごみ,アルミ箔・アルミホイル（台所用）,,あ
粗大ごみ,アルミホイール（自動車用）,,あ
燃えないごみ,アンカ（金属製）,,あ
燃えるごみ,アンカ（ﾌﾟﾗ製）,,あ
燃えないごみ,アンテナ（テレビ用）,,あ
燃えないごみ,アンプ（ステレオ用）,指定袋に入らないものは「粗大ごみ」になります,あ
受入のみをするごみ,石,多量の場合は現地確認が必要です,い
燃えないごみ,衣装ケース（金属製）,,い
燃えるごみ,衣装ケース（プラスチック製）,"一辺が60ｃｍ以上のものは、「燃えないごみ」として扱
います",い
燃えないごみ,"いす
（木製・プラスチック製）",,い
燃えないごみ,"いす
（金属製）",,い
燃えないごみ,板ガラス,新聞紙等に包み「キケン」と表示して下さい,い
燃えるごみ,板切れ,一辺が60cm未満、直径が10cmになるよう切って下さい,い
燃えないごみ,一輪車（作業用/通称ねこ）,,い
燃えないごみ,一輪車（スポーツ用）,,い
"資源ごみ（ﾋﾞﾝ･ｶﾝ･ﾍﾟｯﾄﾎﾞﾄ
ﾙ）",一升ビン（その他の色）,"ｷｬｯﾌﾟ（栓）をはずし、中身を空にして、水で中を洗って
下さい",い
"資源ごみ（ﾋﾞﾝ･ｶﾝ･ﾍﾟｯﾄﾎﾞﾄ
ﾙ）",一升ビン（茶色・緑色）,"ｷｬｯﾌﾟ（栓）をはずし、中身を空にして、水で中を洗って
下さい",い
燃えないごみ,一升ビンケース,販売店へ返却できます（有価物です）,い
燃えないごみ,一斗缶,中身を空にして下さい,い
燃えるごみ,犬小屋（木製・プラスチック製）,"一辺が60ｃｍ以上のものは、「粗大ごみ」として扱いま
す",い
燃えないごみ,鋳物類,指定袋に入らないものは「粗大ごみ」になります,い
燃えるごみ,医薬品（内服薬）,,い
"資源ごみ（小型家電リサイ
クル）",イヤホン、ヘッドフォン,電池使用のものは、電池を取り除いて下さい,い
収集も受入もしないごみ,医療系廃棄物,産業廃棄物です,い
収集も受入もしないごみ,"医療系廃棄物【在宅】
注射針",かかりつけの医療機関に返却して下さい,い
燃えるごみ,"医療系廃棄物【在宅】
点滴パック・チューブ等",,い
資源ごみ（紙類・布類）,"衣類
【綿（めん）100%製品に限る】",ヒモで束ねて下さい,い
燃えるごみ,"衣類
【綿（めん）100%製品以外】",,い
"収集も受入もしないごみ（家
電リサイクル法対象品）",衣類乾燥機,専門業者または販売店に依頼、相談して下さい,い
燃えるごみ,色鉛筆,,い
燃えるごみ,印鑑（象牙製・木製）,,い
燃えないごみ,インターホン,,い
"資源ごみ（ﾋﾞﾝ･ｶﾝ･ﾍﾟｯﾄﾎﾞﾄ
ﾙ）",ウイスキーのビン,"ｷｬｯﾌﾟ（栓）をはずし、中身を空にして、水で中を洗って下
さい",う
燃えないごみ,"ウイスキーのビンのふた
（金属製・ガラス製のもの）",,う
燃えるごみ,"ウイスキーのビンのふた
（プラスチック製のもの）",,う
燃えるごみ,植木支柱（木製・プラスチック製）,一辺が60cm未満になるよう切って下さい,う
燃えないごみ,植木支柱（金属製）,,う
燃えるごみ,植木の枝葉,一辺が60cm未満、直径が10cmになるよう切って下さい,う
燃えないごみ,"植木鉢
（陶磁器類）",,う
燃えるごみ,"植木鉢
（プラスチック製）",,う
燃えるごみ,ウエットティッシュ,,う
燃えるごみ,浮き輪,,う
受入のみをするごみ,臼（うす）【木製・石製】,多量の場合は現地確認が必要です,う
燃えるごみ,うちわ,,う
燃えないごみ,腕時計（電池使用でないもの）,,う
"資源ごみ（小型家電リサイク
ル）",腕時計（電池使用のもの）,電池使用のものは、電池を取り除いて下さい,う
燃えないごみ,乳母車,,う
燃えないごみ,羽毛ふとん,ヒモで束ねて下さい,う
燃えるごみ,運動靴,,う
"収集も受入もしないごみ（家
電リサイクル法対象品）",エアコン（家庭用室内機）,専門業者または販売店に依頼、相談して下さい,え
"収集も受入もしないごみ（家
電リサイクル法対象品）",エアコン（室外機）,専門業者または販売店に依頼、相談して下さい,え
"資源ごみ（小型家電リサイク
ル）",ＡＣアダプタ,,え
"収集も受入もしないごみ（家
電リサイクル法対象品）",液晶テレビ,専門業者または販売店に依頼、相談して下さい,え
燃えないごみ,枝切りばさみ,,え
燃えるごみ,枝類,一辺が60cm未満、直径が10cmになるよう切って下さい,え
燃えるごみ,絵の具,,え
資源ごみ（紙類・布類）,絵本,ヒモで束ねて下さい,え
燃えるごみ,ＭＤ（ミニディスク）・ＭＤケース,,え
"資源ごみ（小型家電リサイク
ル）",ＭＤラジカセ,電池使用のものは、電池を取り除いて下さい,え
粗大ごみ,エレクトーン,,え
受入のみをするごみ,園芸肥料（家庭用）,多量の場合は現地確認が必要です,え
受入のみをするごみ,園芸腐葉土（家庭用）,多量の場合は現地確認が必要です,え
燃えないごみ,延長コード（家庭用）,,え
燃えないごみ,煙突（家庭用・ブリキ製）,,え
燃えるごみ,鉛筆,,え
燃えないごみ,鉛筆削り器,,え
収集も受入もしないごみ,オイル【自動車などの】（液体）,専門業者または販売店に依頼、相談して下さい,お
燃えるごみ,"オイル【自動車などの】（布等にしみ込ませ
たもの）",,お
収集も受入もしないごみ,"オイル【食用】
（液体のままのもの）",専門業者または販売店に依頼、相談して下さい,お
燃えるごみ,"オイル【食用】（新聞などにしみこま
せたもの・凝固剤で固めたもの）",,お
燃えないごみ,"オイル容器【食用】
ビン製・カン製",中身を空にして下さい,お
燃えるごみ,"オイル容器【食用】
プラ製・PET製",中身を空にして下さい,お
燃えないごみ,王冠（金属製）,,お
燃えるごみ,王冠（プラスチック製）,,お
粗大ごみ,応接セット,,お
資源ごみ（紙類・布類）,ＯＡ用紙,ヒモで束ねて下さい,お
燃えるごみ,ＯＡ用紙（感熱紙・カーボン入り）,,お
"資源ごみ（小型家電リサイ
クル）",オーディオ機器,電池使用のものは、電池を取り除いて下さい,お
粗大ごみ,オーディオラック,,お
収集も受入もしないごみ,オートバイ,専門業者または販売店に依頼、相談して下さい,お
燃えるごみ,"オードブルの容器
（プラスチック製）",,お
燃えないごみ,オーブン（家庭用）,指定袋に入らないものは「粗大ごみ」になります,お
燃えないごみ,オーブントースター,,お
燃えるごみ,桶（木製・プラスチック製）,,お
燃えないごみ,桶（金属製）,,お
燃えないごみ,押しピン（がびょう）,危なくないようにして出して下さい,お
燃えるごみ,お玉（しゃくし）木製,,お
燃えないごみ,お玉（しゃくし）金属製,,お
燃えるごみ,落ち葉,,お
燃えるごみ,帯（おび）,一辺が60cm未満になるよう切って下さい,お
燃えるごみ,おまる,,お
燃えるごみ,おむつ（紙製・布製）,汚物を取り除いて下さい,お
燃えるごみ,おもちゃ（木製・プラスチック製）,"一辺が60ｃｍ以上のものは、「燃えないごみ」として扱
います",お
燃えないごみ,おもちゃ（金属製）,,お
資源ごみ（紙類・布類）,折込チラシ,ヒモで束ねて下さい,お
燃えるごみ,"折りたたみいす
（木製・プラスチック製）","一辺が60ｃｍ以上のものは、「燃えないごみ」として扱
います",お
燃えないごみ,"折りたたみいす
（金属製）",,お
燃えないごみ,折りたたみ傘,,お
燃えないごみ,カーテン,,か
"資源ごみ（小型家電リサイ
クル）",カー電気用品(ｶｰﾅﾋﾞ、ｶｰｽﾃﾚｵなど),"電池使用のものは、電池を取り除いて下さい、個人情
報等のデータがあれば削除して出して下さい",か
燃えないごみ,カーテンレール,,か
燃えないごみ,カーペット,,か
燃えるごみ,カーボン紙,,か
燃えるごみ,貝がら,,か
"資源ごみ（小型家電リサイ
クル）",懐中電灯,電池使用のものは、電池を取り除いて下さい,か
燃えるごみ,買い物袋（スーパーのレジ袋）,,か
燃えないごみ,カイロ（金属製のもの）,,か
燃えるごみ,カイロ（使い捨て）,,か
燃えるごみ,化学ぞうきん,,か
燃えないごみ,かがみ,新聞紙等に包み「キケン」と表示して下さい,か
燃えないごみ,かぎ（鍵）,,か
粗大ごみ,学習机,,が
燃えないごみ,額縁（金属製）,,が
燃えるごみ,額縁（木製・プラスチック製）,,が
燃えないごみ,かさ,,か
燃えないごみ,かさ立て（金属製・陶器製）,,か
燃えるごみ,かさ立て（木製・プラスチック製）,,か
"資源ごみ（ﾋﾞﾝ･ｶﾝ･ﾍﾟｯﾄﾎﾞﾄ
ﾙ）",菓子缶（金属製）,"ｷｬｯﾌﾟ（栓）をはずし、中身を空にして、水で中を洗って
下さい",か
燃えないごみ,加湿器（家庭用）,,か
資源ごみ（紙類・布類）,菓子箱（紙製）,"その他の紙類として扱いますので、ヒモで束ねて出して
下さい",か
燃えるごみ,菓子袋（ビニール製）,,か
"資源ごみ（ﾋﾞﾝ･ｶﾝ･ﾍﾟｯﾄﾎﾞﾄ
ﾙ）",果実酒用ビン,"ｷｬｯﾌﾟ（栓）をはずし、中身を空にして、水で中を洗って
下さい",か
燃えないごみ,ガスストーブ,,が
燃えないごみ,ガステーブル(家庭用）,指定袋に入らないものは「粗大ごみ」になります,が
収集も受入もしないごみ,ガスボンベ,専門業者または販売店に依頼、相談して下さい,が
燃えないごみ,カセットコンロ,,か
燃えるごみ,カセットテープ,,か
燃えないごみ,カセットデッキ,,か
燃えないごみ,"カセットボンベ（卓上）
（穴をあけ、ガスを抜いたもの）",中身を使い切り、穴を空けて下さい,か
収集も受入もしないごみ,"カセットボンベ（卓上）
（ガスが入ったもの）",専門業者または販売店に依頼、相談して下さい,か
燃えるごみ,カセットボンベ（卓上）のフタ,,か
燃えるごみ,固めた食用油,,か
資源ごみ（紙類・布類）,カタログ類,"その他の紙類として扱いますので、ヒモで束ねて出して
下さい",か
燃えるごみ,活性炭,,か
燃えないごみ,カッター,危なくないようにして出して下さい,か
燃えるごみ,合羽（雨具）,,か
"資源ごみ（ﾋﾞﾝ･ｶﾝ･ﾍﾟｯﾄﾎﾞﾄ
ﾙ）",カップ酒のビン,"ｷｬｯﾌﾟ（栓）をはずし、中身を空にして、水で中を洗って
下さい",か
燃えるごみ,カップメンの容器・フタ,,か
燃えるごみ,かつら,,か
燃えないごみ,金網,指定袋に入らないものは「粗大ごみ」になります,か
燃えないごみ,金たわし,,か
燃えないごみ,かなづち,,か
燃えるごみ,かばん(皮製）,,か
燃えないごみ,かばん(金属製）,,か
燃えないごみ,"花びん
（ガラス製・陶器製・金属製）",,か
燃えるごみ,"花びん
（プラスチック製）",,か
燃えないごみ,鎌（カマ）,新聞紙等に包み「キケン」と表示して下さい,か
燃えないごみ,釜（カマ）,指定袋に入らないものは「粗大ごみ」になります,か
燃えるごみ,紙おむつ,汚物を取り除いて下さい,か
燃えるごみ,"紙くず（汚れたもの、名刺ｻｲｽﾞより小さい
もの）",,か
燃えるごみ,紙コップ,,か
燃えないごみ,カミソリ,危なくないようにして出して下さい,か
資源ごみ（紙類・布類）,紙箱,"その他の紙類として扱いますので、ヒモで束ねて出して
下さい",か
資源ごみ（紙類・布類）,紙箱中仕切り,"その他の紙類として扱いますので、ヒモで束ねて出して
下さい",か
"資源ごみ（小型家電リサイ
クル）",カメラ・デジカメ,"電池使用のものは、電池を取り除いて下さい、個人情
報等のデータがあれば削除して出して下さい",か
"資源ごみ（小型家電リサイ
クル）",カメラ（ビデオ）,"電池使用のものは、電池を取り除いて下さい、個人情
報等のデータがあれば削除して出して下さい",か
燃えないごみ,蚊帳（かや),,か
燃えるごみ,カラーボックス,"一辺が60ｃｍ以上のものは、「燃えないごみ」として扱
います",か
燃えないごみ,カラオケ機器（家庭用）,指定袋に入らないものは「粗大ごみ」になります,か
燃えないごみ,ガラスくず（ガラスの破片）,新聞紙等に包み「キケン」と表示して下さい,が
燃えないごみ,ガラスケース,新聞紙等に包み「キケン」と表示して下さい,が
燃えないごみ,ガラス食器類,新聞紙等に包み「キケン」と表示して下さい,が
粗大ごみ,ガラス戸,多量の場合は現地確認が必要です,が
資源ごみ（紙類・布類）,空箱（紙製）,"その他の紙類として扱いますので、ヒモで束ねて出して
下さい",か
燃えないごみ,"空箱（金属製）
※飲食用以外",,か
資源ごみ（紙類・布類）,空箱（ダンボール製）,ヒモで束ねて下さい,か
燃えるごみ,空箱（プラスチック製）,,か
資源ごみ（紙類・布類）,カレンダー,"その他の紙類として扱いますので、ヒモで束ねて出して
下さい",か
燃えるごみ,革衣類（皮革衣類）,,か
燃えるごみ,革靴,,か
燃えるごみ,革手袋,,か
燃えるごみ,革バック,,か
受入のみをするごみ,瓦（かわら）,多量の場合は現地確認が必要です,か
燃えないごみ,換気扇（家庭用）,,か
燃えないごみ,玩具（金属製）,,が
燃えるごみ,玩具（木製・プラスチック製）,"一辺が60ｃｍ以上のものは、「燃えないごみ」として扱
います",が
"資源ごみ（ﾋﾞﾝ･ｶﾝ･ﾍﾟｯﾄﾎﾞﾄ
ﾙ）",缶ジュースのカン,"ｷｬｯﾌﾟ（栓）をはずし、中身を空にして、水で中を洗って
下さい",か
"収集も受入もしないごみ（家
電リサイクル法対象品）",乾燥機（衣類用）,専門業者または販売店に依頼、相談して下さい,か
燃えないごみ,乾燥機（食器用）,,か
燃えるごみ,乾燥剤,,か
有害ごみ,寒暖計(水銀入り）,"「乾電池」と「蛍光灯・蛍光管・体温計・温度計」に分け
て下さい",か
"資源ごみ（ﾋﾞﾝ･ｶﾝ･ﾍﾟｯﾄﾎﾞﾄ
ﾙ）",缶詰のカン,"ｷｬｯﾌﾟ（栓）をはずし、中身を空にして、水で中を洗って
下さい",か
有害ごみ,乾電池,"「乾電池」と「蛍光灯・蛍光管・体温計・温度計」に分け
て下さい",か
燃えるごみ,感熱紙（FAX紙）,,か
"資源ごみ（ﾋﾞﾝ･ｶﾝ･ﾍﾟｯﾄﾎﾞﾄ
ﾙ）",缶ビールのカン,"ｷｬｯﾌﾟ（栓）をはずし、中身を空にして、水で中を洗って
下さい",か
"資源ごみ（ﾋﾞﾝ･ｶﾝ･ﾍﾟｯﾄﾎﾞﾄ
ﾙ）",カン類（飲食用のもの）,"ｷｬｯﾌﾟ（栓）をはずし、中身を空にして、水で中を洗って
下さい",か
燃えないごみ,カン類（飲食用以外のもの）,,か
燃えないごみ,カン類（汚れたもの）,,か
燃えないごみ,キーボード（楽器類）,,き
燃えるごみ,木くず,一辺が60cm未満、直径が10cmになるよう切って下さい,き
燃えないごみ,ギター（楽器類）,,ぎ
燃えるごみ,木づち,,き
燃えるごみ,キッチンペーパー,,き
燃えないごみ,杵（きね）,,き
粗大ごみ,脚立,,き
燃えないごみ,急須,,き
資源ごみ（紙類・布類）,牛乳パック,"その他の紙類として扱いますので、ヒモで束ねて出して
下さい",ぎ
"資源ごみ（ﾋﾞﾝ･ｶﾝ･ﾍﾟｯﾄﾎﾞﾄ
ﾙ）",牛乳ビン,"ｷｬｯﾌﾟ（栓）をはずし、中身を空にして、水で中を洗って下
さい",ぎ
燃えるごみ,給油ポンプ(プラスチック製）,,き
資源ごみ（紙類・布類）,教科書,"その他の紙類として扱いますので、ヒモで束ねて出して
下さい",き
粗大ごみ,鏡台（ドレッサー）,,き
収集も受入もしないごみ,魚網,産業廃棄物です,き
収集も受入もしないごみ,切り株,処理困難物です,き
燃えるごみ,銀紙,,ぎ
収集も受入もしないごみ,金庫（大型）,専門業者または販売店に依頼、相談して下さい,き
燃えないごみ,金庫（手さげ）,,き
"収集も受入もしないごみ（家
電リサイクル法対象品）",クーラー（家庭用室内機）,専門業者または販売店に依頼、相談して下さい,く
"収集も受入もしないごみ（家
電リサイクル法対象品）",クーラー（室外機）,専門業者または販売店に依頼、相談して下さい,く
燃えないごみ,クーラーボックス,,く
燃えないごみ,釘,危なくないようにして出して下さい,く
燃えないごみ,草刈鎌,新聞紙等に包み「キケン」と表示して下さい,く
燃えないごみ,草刈機,,く
燃えるごみ,草花,,く
燃えないごみ,鎖（くさり）,ヒモで束ねて下さい,く
燃えないごみ,串（金属製）,危なくないようにして出して下さい,く
燃えないごみ,"櫛（くし）
（金属製）",,く
燃えるごみ,串（竹製・プラスチック製）,危なくないようにして出して下さい,く
燃えるごみ,櫛（竹製・プラスチック製）,,く
燃えるごみ,薬（内服薬）,,く
"資源ごみ（ﾋﾞﾝ･ｶﾝ･ﾍﾟｯﾄﾎﾞﾄ
ﾙ）",薬（内服薬）のビン,"ｷｬｯﾌﾟ（栓）をはずし、中身を空にして、水で中を洗って下
さい",く
燃えるごみ,果物の保護材,,く
燃えるごみ,靴（シューズ）,,く
燃えるごみ,クッキングペーパー,,く
燃えるごみ,クッション,"一辺が60ｃｍ以上のものは、「燃えないごみ」として扱い
ます",く
燃えないごみ,グラス,,ぐ
粗大ごみ,車いす,,く
燃えるごみ,クレヨン,,く
燃えないごみ,グロー球,危なくないようにして出して下さい,ぐ
燃えないごみ,くわ（鍬）,,く
燃えるごみ,軍手,,ぐ
有害ごみ,"蛍光管・蛍光灯
（割れていないもの）","「乾電池」と「蛍光灯・蛍光管・体温計・温度計」に分けて
下さい",け
燃えないごみ,"蛍光管・蛍光灯
（割れているもの）",新聞紙等に包み「キケン」と表示して下さい,け
"資源ごみ（小型家電リサイク
ル）",携帯電話,"電池使用のものは、電池を取り除いて下さい、個人情報
等のデータがあれば削除して出して下さい",け
燃えないごみ,携帯用ガスコンロ,,け
燃えるごみ,毛糸,,け
燃えないごみ,計量ばかり,,け
"資源ごみ（小型家電リサイク
ル）",ゲーム機,"電池使用のものは、電池を取り除いて下さい、個人情報
等のデータがあれば削除して出して下さい",げ
燃えるごみ,ゲームソフト（ディスク式）,,げ
"資源ごみ（小型家電リサイク
ル）",ゲームソフト（ディスク式でないもの）,"電池使用のものは、電池を取り除いて下さい、個人情報
等のデータがあれば削除して出して下さい",げ
燃えないごみ,化粧品びん,,け
燃えないごみ,化粧品容器（金属製）,,け
燃えるごみ,化粧品容器（プラスチック製）,,け
燃えるごみ,下駄(木製）,,げ
燃えないごみ,下駄(金属製）,,げ
粗大ごみ,下駄箱,,げ
燃えるごみ,玄関泥落としマット（ナイロン製）,"一辺が60ｃｍ以上のものは、「燃えないごみ」として扱い
ます",げ
燃えないごみ,玄関泥落としマット（金属製）,,げ
燃えるごみ,玄関マット,"一辺が60ｃｍ以上のものは、「燃えないごみ」として扱い
ます",げ
収集も受入もしないごみ,建築廃材,産業廃棄物です,け
資源ごみ（紙類・布類）,広告（チラシ）,"その他の紙類として扱いますので、ヒモで束ねて出して
下さい",こ
燃えないごみ,コード,,こ
燃えないごみ,コードリール（家庭用）,,こ
燃えないごみ,コーヒーメーカー,,こ
"資源ごみ（ﾋﾞﾝ･ｶﾝ･ﾍﾟｯﾄﾎﾞﾄ
ﾙ）",コーラのビン,"ｷｬｯﾌﾟ（栓）をはずし、中身を空にして、水で中を洗って下
さい",こ
粗大ごみ,ござ,一辺が60cm未満になるように切れば「燃えるごみ」です,ご
燃えないごみ,こたつ,指定袋に入らないものは「粗大ごみ」になります,こ
粗大ごみ,こたつ板,,こ
燃えないごみ,こたつ掛け布団,ヒモで束ねて下さい,こ
燃えないごみ,こたつ下敷き,,こ
燃えないごみ,こたつの電熱器具,,こ
燃えるごみ,"コップ
（紙製・プラスチック製）",,こ
燃えないごみ,"コップ
（ガラス製・金属製・陶器製）",危なくないようにして出して下さい,こ
粗大ごみ,琴,,こ
"資源ごみ（ﾋﾞﾝ･ｶﾝ･ﾍﾟｯﾄﾎﾞﾄ
ﾙ）",粉ミルクの缶,中身を空にして下さい,こ
燃えないごみ,コピー機（家庭用小型機）,,こ
燃えるごみ,ゴム手袋,,ご
燃えるごみ,ゴムホース,一辺が60cm未満になるよう切って下さい,ご
燃えないごみ,ゴムボート（レジャー用）,指定袋に入らないものは「粗大ごみ」になります,ご
燃えるごみ,ゴムマット,"一辺が60ｃｍ以上のものは、「燃えないごみ」として扱い
ます",ご
燃えないごみ,米びつ,,こ
資源ごみ（紙類・布類）,米袋（紙製）,"その他の紙類として扱いますので、ヒモで束ねて出して
下さい",こ
燃えるごみ,米袋（ビニール製）,,こ
燃えないごみ,ゴルフクラブ,,ご
燃えないごみ,ゴルフバッグ,,ご
燃えるごみ,ゴルフボール,,ご
燃えるごみ,ゴルフマット,"一辺が60ｃｍ以上のものは、「燃えないごみ」として扱い
ます",ご
受入のみをするごみ,コンクリートブロック,多量の場合は現地確認が必要です,こ
粗大ごみ,コンパネ,"一辺が60cm未満になるように切れば「燃えるごみ」で
す、多量の場合は現地確認が必要です",こ
粗大ごみ,サーフボード,,さ
粗大ごみ,サイクリングマシーン,,さ
燃えないごみ,座椅子,指定袋に入らないものは「粗大ごみ」になります,ざ
収集も受入もしないごみ,"在宅医療廃棄物
注射針",かかりつけの医療機関に返却して下さい,ざ
燃えるごみ,"在宅医療廃棄物
点滴パック・チューブ等",,ざ
粗大ごみ,サイドボード,,さ
燃えるごみ,財布,,さ
燃えるごみ,作業服,,さ
"資源ごみ（ﾋﾞﾝ･ｶﾝ･ﾍﾟｯﾄﾎﾞﾄ
ﾙ）",酒ビン・ワンカップ,"ｷｬｯﾌﾟ（栓）をはずし、中身を空にして、水で中を洗って下
さい",さ
燃えるごみ,座敷ぼうき,,ざ
燃えないごみ,座卓,指定袋に入らないものは「粗大ごみ」になります,ざ
収集も受入もしないごみ,殺虫剤,専門業者または販売店に依頼、相談して下さい,さ
燃えないごみ,殺虫剤スプレーカン,中身を使い切り、穴を空けて下さい,さ
資源ごみ（紙類・布類）,雑誌,ヒモで束ねて下さい,ざ
燃えないごみ,錆びたカン【飲食用のもの】,,さ
燃えないごみ,錆びたカン【飲食用以外のもの】,,さ
燃えるごみ,座布団,,ざ
燃えるごみ,皿（紙製・プラスチック製）,,さ
燃えないごみ,皿（ガラス製・金属製・陶器製）,,さ
燃えないごみ,サラダ油のカン,中身を空にして下さい,さ
燃えるごみ,"サラダ油の容器
（プラスチック製）",中身を空にして下さい,さ
燃えないごみ,ざる（金属製）,,ざ
燃えるごみ,ざる（竹製・プラスチック製）,,ざ
燃えるごみ,サンダル,,さ
燃えるごみ,残飯,水切りを十分にして下さい,ざ
燃えないごみ,三輪車（子ども用）,,さ
粗大ごみ,三輪車（大人用）,,さ
燃えるごみ,ＣＤ,,し
燃えるごみ,ＣＤケース,,し
"資源ごみ（小型家電リサイク
ル）",ＣＤプレーヤー,電池使用のものは、電池を取り除いて下さい,し
"資源ごみ（小型家電リサイク
ル）",ＣＤラジカセ,電池使用のものは、電池を取り除いて下さい,し
資源ごみ（紙類・布類）,ジーンズ（綿１００％）,,じ
"資源ごみ（小型家電リサイク
ル）",シェーバー、電気かみそり,電池使用のものは、電池を取り除いて下さい,じ
燃えないごみ,磁気マットレス,折りたためないものは「粗大ごみ」として取り扱います,じ
資源ごみ（紙類・布類）,辞書・辞典,"その他の紙類として扱いますので、ヒモで束ねて出して
下さい",じ
燃えないごみ,七輪,,し
"収集も受入もしないごみ（家
電リサイクル法対象品）",室外機（エアコン）,専門業者または販売店に依頼、相談して下さい,し
燃えないごみ,自転車,有料ごみ袋（燃えない用）をくくりつけて出してください,じ
粗大ごみ,自転車（電動式）,,じ
収集も受入もしないごみ,自動車部品,専門業者または販売店に依頼、相談して下さい,じ
燃えないごみ,竹刀,,し
収集も受入もしないごみ,シニアカー（電動車イス）,専門業者または販売店に依頼、相談して下さい,し
粗大ごみ,芝刈り機(家庭用）,,し
燃えるごみ,シャープペンシル,,し
燃えるごみ,ジャケット,,じ
燃えるごみ,写真,,し
燃えるごみ,シャンプーの詰換え用袋,,し
燃えるごみ,シャンプー容器,,し
資源ごみ（紙類・布類）,週刊誌,"その他の紙類として扱いますので、ヒモで束ねて出して
下さい",し
燃えないごみ,ジューサー(ミキサー),,じ
燃えるごみ,習字紙（墨のついたもの）,,し
"資源ごみ（ﾋﾞﾝ･ｶﾝ･ﾍﾟｯﾄﾎﾞﾄ
ﾙ）",ジュースカン,"ｷｬｯﾌﾟ（栓）をはずし、中身を空にして、水で中を洗って下
さい",じ
燃えるごみ,シューズ(靴）,,じ
燃えるごみ,シューズケース,,し
燃えないごみ,じゅうたん,一辺が60cm未満になるように切れば「燃えるごみ」です,じ
受入のみをするごみ,重量ブロック,多量の場合は現地確認が必要です,じ
燃えるごみ,シュレッダーの紙くず,,し
燃えないごみ,瞬間湯沸器(台所用）,,し
収集も受入もしないごみ,消火器,専門業者または販売店に依頼、相談して下さい,し
燃えるごみ,じょうご,,じ
粗大ごみ,障子戸,"一辺が60cm未満になるように切れば「燃えるごみ」で
す、多量の場合は現地確認が必要です",し
燃えないごみ,消臭スプレー缶,中身を使い切り、穴を空けて下さい,し
燃えないごみ,浄水器,,じ
燃えないごみ,照明器具（家庭用）,指定袋に入らないものは「粗大ごみ」になります,し
"資源ごみ（ﾋﾞﾝ･ｶﾝ･ﾍﾟｯﾄﾎﾞﾄ
ﾙ）",しょうゆ容器（ビン製・PET製）,"ｷｬｯﾌﾟ（栓）をはずし、中身を空にして、水で中を洗って下
さい",し
燃えるごみ,しょうゆ容器（ﾌﾟﾗｽﾁｯｸ製）,,し
燃えないごみ,じょうろ(金属製),,じ
燃えるごみ,じょうろ（プラスチック製）,,じ
燃えるごみ,"食品トレイ
(発泡スチロール製のトレイ）",,し
収集も受入もしないごみ,"食用油
（液体のままのもの）",専門業者または販売店に依頼、相談して下さい,し
燃えるごみ,"食用油（新聞などにしみこませたもの
・凝固剤で固めたもの）",,し
燃えないごみ,食用油のビン・カン,,し
燃えるごみ,食用油の容器（プラスチック製）,,し
燃えないごみ,除湿器,,じ
燃えるごみ,除湿剤,,じ
燃えないごみ,食器乾燥機,,し
粗大ごみ,食器洗浄乾燥機,,し
粗大ごみ,食器棚,,し
資源ごみ（紙類・布類）,新聞,ヒモで束ねて下さい,し
資源ごみ（紙類・布類）,新聞折込チラシ,ヒモで束ねて下さい,し
燃えるごみ,吸殻（タバコの）,,す
燃えないごみ,水槽,指定袋に入らないものは「粗大ごみ」になります,す
燃えないごみ,水中ポンプ(家庭用）,,す
燃えないごみ,炊飯器・炊飯ジャー,,す
燃えないごみ,スーツケース,,す
燃えないごみ,姿見,,す
燃えないごみ,スキー板,,す
燃えるごみ,スキーウェア,,す
燃えないごみ,スキー靴,,す
燃えないごみ,スキーストック,,す
燃えないごみ,スケートボード,,す
燃えないごみ,スコップ(金属製）,,す
燃えるごみ,スコップ(プラスチック製）,,す
燃えないごみ,すずり,,す
粗大ごみ,すだれ・よしず,一辺が60cm未満になるように切れば「燃えるごみ」です,す
粗大ごみ,スチール机,,す
燃えないごみ,ステレオ,指定袋に入らないものは「粗大ごみ」になります,す
燃えないごみ,ステンレスパイプ棚,指定袋に入らないものは「粗大ごみ」になります,す
燃えないごみ,ストーブ,灯油を抜いて下さい,す
燃えるごみ,ストッキング,,す
受入のみをするごみ,砂,多量の場合は現地確認が必要です,す
燃えるごみ,砂（ペットのトイレ用）,,す
燃えないごみ,スノーボード,,す
粗大ごみ,すのこ,一辺が60cm未満になるように切れば「燃えるごみ」です,す
燃えないごみ,スピーカー,,す
燃えないごみ,スプーン(金属製）,,す
燃えるごみ,"スプーン
(竹製・木製・プラスチック製）",,す
燃えないごみ,スプレー缶,中身を使い切り、穴を空けて下さい,す
粗大ごみ,滑り台(家庭幼児用）,,す
燃えるごみ,スポンジ,,す
燃えないごみ,ズボンプレッサー,,ず
燃えるごみ,炭,,す
燃えるごみ,スリッパ,,す
燃えるごみ,生花,,せ
"資源ごみ（ﾋﾞﾝ･ｶﾝ･ﾍﾟｯﾄﾎﾞﾄ
ﾙ）",清涼飲料水容器（ﾍﾟｯﾄﾎﾞﾄﾙ）,"ﾗﾍﾞﾙを剥がし、ｷｬｯﾌﾟ（栓）をはずし、中身を空にして、水
で中を洗って下さい",せ
"資源ごみ（ﾋﾞﾝ･ｶﾝ･ﾍﾟｯﾄﾎﾞﾄ
ﾙ）",清涼飲料水容器（ﾋﾞﾝ･ｶﾝ）,"ｷｬｯﾌﾟ（栓）をはずし、中身を空にして、水で中を洗って下
さい",せ
燃えないごみ,石油ストーブ,灯油を抜いて下さい,せ
燃えないごみ,石油ファンヒーター,灯油を抜いて下さい,せ
燃えるごみ,石油ポンプ(プラスチック製）,,せ
燃えないごみ,瀬戸物類,,せ
収集も受入もしないごみ,セニアカー（電動車イス）,専門業者または販売店に依頼、相談して下さい,せ
燃えるごみ,セロハンテープ,,せ
資源ごみ（紙類・布類）,セロハンテープの芯(紙製）,,せ
燃えるごみ,洗剤容器,,せ
"収集も受入もしないごみ（家
電リサイクル法対象品）",洗濯機・洗濯乾燥機,専門業者または販売店に依頼、相談して下さい,せ
燃えるごみ,洗濯バサミ,,せ
燃えるごみ,剪定した枝,一辺が60cm未満、直径が10cmになるよう切って下さい,せ
燃えないごみ,栓抜き類,,せ
燃えないごみ,扇風機,,せ
燃えないごみ,洗面器(金属製）,,せ
受入のみをするごみ,洗面器(取付用陶磁器製）,多量の場合は現地確認が必要です,せ
燃えるごみ,洗面器(プラスチック製）,,せ
粗大ごみ,洗面化粧台,,せ
燃えるごみ,造花,,ぞ
燃えないごみ,双眼鏡,,そ
燃えないごみ,掃除機,,そ
燃えるごみ,掃除機のごみ,,そ
燃えるごみ,ぞうり（草履）,,ぞ
粗大ごみ,"ソーラーシステム
（太陽熱温水器）",多量の場合は現地確認が必要です,そ
燃えるごみ,即席めん袋（ビニール製）,,そ
粗大ごみ,ソファー,,そ
粗大ごみ,ソファーベッド,,そ
燃えないごみ,ソリ(子ども玩具）,,そ
有害ごみ,体温計(水銀式）,"「乾電池」と「蛍光灯・蛍光管・体温計・温度計」に分けて
下さい",た
"資源ごみ（小型家電リサイク
ル）",体温計(デジタル式）,電池使用のものは、電池を取り除いて下さい,た
燃えないごみ,体重計,電池を取り除いて下さい,た
燃えるごみ,タイヤ（自転車・一輪車用）,,た
燃えないごみ,"タイヤ（自転車・一輪車用）
※リム付きのもの",,た
収集も受入もしないごみ,タイヤ（自動車・バイク用）,専門業者または販売店に依頼、相談して下さい,た
粗大ごみ,タイヤホイール,,た
収集も受入もしないごみ,タイヤホイール（タイヤ付のもの）,専門業者または販売店に依頼、相談して下さい,た
資源ごみ（紙類・布類）,タオル,ヒモで束ねて下さい,た
資源ごみ（紙類・布類）,タオルケット,ヒモで束ねて下さい,た
燃えないごみ,卓上コンロ,,た
粗大ごみ,畳,多量の場合は現地確認が必要です,た
燃えるごみ,タッパー,,た
燃えるごみ,たばこの吸殻,,た
燃えるごみ,卵パック,,た
燃えるごみ,たわし類,,た
資源ごみ（紙類・布類）,単行本,"その他の紙類として扱いますので、ヒモで束ねて出して
下さい",た
粗大ごみ,タンス,,た
燃えないごみ,ダンベル,,だ
資源ごみ（紙類・布類）,ダンボール,ヒモで束ねて下さい,だ
燃えないごみ,チェーンソー,,ち
"資源ごみ（小型家電リサイク
ル）",地上デジタルチューナー,電池使用のものは、電池を取り除いて下さい,ち
燃えないごみ,チャイルドシート(自動車用）,,ち
燃えるごみ,茶がら,水切りを十分にして下さい,ち
燃えないごみ,茶碗(陶器製）,,ち
燃えるごみ,茶碗（木製・プラスチック製）,,ち
"資源ごみ（ﾋﾞﾝ･ｶﾝ･ﾍﾟｯﾄﾎﾞﾄ
ﾙ）",調味料の容器（ビン・カン）,"ｷｬｯﾌﾟ（栓）をはずし、中身を空にして、水で中を洗って下
さい",ち
燃えるごみ,調味料の容器（プラスチック）,,ち
"資源ごみ（ﾋﾞﾝ･ｶﾝ･ﾍﾟｯﾄﾎﾞﾄ
ﾙ）","調味料の容器（ﾍﾟｯﾄﾎﾞﾄﾙ）
※ノンオイルのもの","ﾗﾍﾞﾙを剥がし、ｷｬｯﾌﾟ（栓）をはずし、中身を空にして、水
で中を洗って下さい",ち
燃えるごみ,"調味料の容器（ﾍﾟｯﾄﾎﾞﾄﾙ）
※ノンオイル以外のもの",,ち
粗大ごみ,調理台(家庭用),,ち
資源ごみ（紙類・布類）,チラシ(新聞折込）,ヒモで束ねて下さい,ち
燃えるごみ,ちり紙,,ち
燃えるごみ,使い捨てカイロ,,つ
燃えるごみ,使い捨てライター,1日間、水に浸けて下さい,つ
粗大ごみ,"机
(金属製・木製・プラスチック製）",,つ
受入のみをするごみ,土,多量の場合は現地確認が必要です,つ
燃えないごみ,壷（つぼ）,,つ
燃えるごみ,積み木(木製）,,つ
燃えるごみ,釣り糸,,つ
燃えないごみ,釣竿,,つ
資源ごみ（紙類・布類）,Ｔシャツ,ヒモで束ねて下さい,て
"資源ごみ（小型家電リサイク
ル）",ＤＶＤ録画再生機器,電池使用のものは、電池を取り除いて下さい,て
燃えるごみ,ティッシュペーパー,,て
資源ごみ（紙類・布類）,ティッシュペーパーの箱,"その他の紙類として扱いますので、ヒモで束ねて出して
下さい",て
粗大ごみ,テーブル(金属製）,,て
燃えるごみ,テーブルクロス,,て
粗大ごみ,テーブル(木製）,,て
"資源ごみ（小型家電リサイク
ル）",テープレコーダー(小型),"電池使用のものは、電池を取り除いて下さい、個人情報
等のデータがあれば削除して出して下さい",て
"資源ごみ（小型家電リサイク
ル）",テープレコーダー,"電池使用のものは、電池を取り除いて下さい、個人情報
等のデータがあれば削除して出して下さい",て
燃えるごみ,デスクマット,"一辺が60ｃｍ以上のものは、「燃えないごみ」として扱い
ます",で
燃えないごみ,鉄アレイ,,て
燃えないごみ,鉄パイプ,指定袋に入らないものは「粗大ごみ」になります,て
燃えないごみ,鉄板,指定袋に入らないものは「粗大ごみ」になります,て
燃えないごみ,鉄棒,指定袋に入らないものは「粗大ごみ」になります,て
燃えるごみ,テニスボール,,て
燃えるごみ,テニスラケット,,て
燃えるごみ,手袋,,て
燃えないごみ,テレビアンテナ,,て
"資源ごみ（小型家電リサイク
ル）",テレビゲーム機、ｺﾝﾄﾛｰﾗｰ,"電池使用のものは、電池を取り除いて下さい、個人情報
等のデータがあれば削除して出して下さい",て
粗大ごみ,テレビ台,,て
"収集も受入もしないごみ（家
電リサイクル法対象品）",テレビ（ブラウン管、液晶）,専門業者または販売店に依頼、相談して下さい,て
燃えないごみ,電気あんか,,で
燃えないごみ,電気カーペット,,で
燃えないごみ,電気釜,,で
"資源ごみ（小型家電リサイク
ル）",電気かみそり、シェーバー,電池使用のものは、電池を取り除いて下さい,で
燃えないごみ,電気コード,,で
燃えないごみ,電気こたつ,指定袋に入らないものは「粗大ごみ」になります,で
燃えないごみ,電気スタンド,,で
"資源ごみ（小型家電リサイク
ル）",電気バリカン（スキカル等）,電池使用のものは、電池を取り除いて下さい,で
燃えないごみ,電気ポット,,で
燃えないごみ,電気毛布,ヒモで束ねて下さい,で
燃えないごみ,電球,危なくないようにして出して下さい,で
粗大ごみ,電子オルガン,,で
"資源ごみ（小型家電リサイク
ル）",電子血圧計、電子体温計,電池使用のものは、電池を取り除いて下さい,で
"資源ごみ（小型家電リサイク
ル）",電子書籍、電子辞書,電池使用のものは、電池を取り除いて下さい,で
燃えないごみ,電子レンジ,,で
燃えないごみ,天体望遠鏡,,て
"資源ごみ（小型家電リサイク
ル）",電卓、電子辞書,電池使用のものは、電池を取り除いて下さい,で
収集も受入もしないごみ,"電池
（ボタン・充電式）",市内の協力販売店等の回収箱（缶）へお願いします,で
有害ごみ,"電池
（マンガン・アルカリ）","「乾電池」と「蛍光灯・蛍光管・体温計・温度計」に分けて
下さい",で
収集も受入もしないごみ,電動車いす,専門業者または販売店に依頼、相談して下さい,で
収集も受入もしないごみ,電動車いす（シニアカー）,専門業者または販売店に依頼、相談して下さい,で
燃えないごみ,電動のこぎり・かんな（家庭用）,,で
"資源ごみ（小型家電リサイク
ル）",電動歯ブラシ,電池使用のものは、電池を取り除いて下さい,で
燃えないごみ,テント(家庭用）,指定袋に入らないものは「粗大ごみ」になります,て
収集も受入もしないごみ,てんぷら油（液体のまま）,専門業者または販売店に依頼、相談して下さい,て
燃えるごみ,"てんぷら油
（新聞などにしみこませたもの）",,て
"資源ごみ（小型家電リサイク
ル）",電話機,"電池使用のものは、電池を取り除いて下さい、個人情報
等のデータがあれば削除して出して下さい",で
"資源ごみ（小型家電リサイク
ル）",電話機（携帯電話）,"電池使用のものは、電池を取り除いて下さい、個人情報
等のデータがあれば削除して出して下さい",で
粗大ごみ,ドア,多量の場合は現地確認が必要です,ど
燃えるごみ,トイレカバー,,と
資源ごみ（紙類・布類）,トイレットペーパーの芯,,と
受入のみをするごみ,トイレ便器,多量の場合は現地確認が必要です,と
燃えないごみ,トイレ便座,,と
燃えないごみ,陶磁器,,と
燃えるごみ,豆腐の容器,,と
収集も受入もしないごみ,灯油,専門業者または販売店に依頼、相談して下さい,と
燃えるごみ,灯油用ポリタンク,中身を空にして下さい,と
燃えないごみ,トースター,,と
受入のみをするごみ,砥石,多量の場合は現地確認が必要です,と
"資源ごみ（小型家電リサイク
ル）",時計,電池使用のものは、電池を取り除いて下さい,と
受入のみをするごみ,土砂,多量の場合は現地確認が必要です,ど
粗大ごみ,戸棚,,と
燃えないごみ,トタン板,多量の場合は現地確認が必要です,と
燃えないごみ,土鍋,,ど
受入のみをするごみ,どぶ,最終処分場へ案内します,ど
燃えないごみ,ドライバー,,ど
"資源ごみ（小型家電リサイク
ル）",ドライヤー、ヘアアイロン,電池使用のものは、電池を取り除いて下さい,ど
受入のみをするごみ,ドラム缶,多量の場合は現地確認が必要です,ど
燃えるごみ,トラロープ,一辺が60cm未満になるよう切って下さい,と
収集も受入もしないごみ,塗料,専門業者または販売店に依頼、相談して下さい,と
燃えないごみ,塗料（固形になったもの）,,と
燃えないごみ,トレイ（金属製）,,と
燃えるごみ,トレイ（発砲スチロール製）,,と
粗大ごみ,ドレッサー(鏡台）,,ど
"資源ごみ（ﾋﾞﾝ･ｶﾝ･ﾍﾟｯﾄﾎﾞﾄ
ﾙ）","ドレッシングの容器(ガラス製）
※ノンオイルのもの","ｷｬｯﾌﾟ（栓）をはずし、中身を空にして、水で中を洗って下
さい",ど
燃えないごみ,"ドレッシングの容器(ガラス製）
※ノンオイル以外のもの",,ど
燃えるごみ,ドレッシングの容器(プラスチック製）,中身を空にして下さい,ど
"資源ごみ（ﾋﾞﾝ･ｶﾝ･ﾍﾟｯﾄﾎﾞﾄ
ﾙ）","ドレッシングの容器(ﾍﾟｯﾄﾎﾞﾄﾙ製）
※ノンオイルのもの","ﾗﾍﾞﾙを剥がし、ｷｬｯﾌﾟ（栓）をはずし、中身を空にして、水
で中を洗って下さい",ど
燃えるごみ,"ドレッシングの容器(ﾍﾟｯﾄﾎﾞﾄﾙ製）
※ノンオイル以外のもの",,ど
燃えないごみ,トロフィー,,と
燃えないごみ,トンカチ,,と
燃えないごみ,ナイフ類,新聞紙等に包み「キケン」と表示して下さい,な
燃えるごみ,長靴,,な
粗大ごみ,流し台（家庭用）,多量の場合は現地確認が必要です,な
燃えないごみ,なべ,,な
燃えるごみ,生ごみ,水切りを十分にして下さい,な
収集も受入もしないごみ,ニカド電池(小型充電器）,市内の協力販売店等の回収箱（缶）へお願いします,に
粗大ごみ,二段ベット,,に
燃えるごみ,荷造りひも,,に
燃えるごみ,人形（紙製・布製・ﾌﾟﾗｽﾁｯｸ製）,"一辺が60ｃｍ以上のものは、「燃えないごみ」として扱い
ます",に
燃えないごみ,人形（金属製・陶器製）,指定袋に入らないものは「粗大ごみ」になります,に
燃えるごみ,ぬいぐるみ,"一辺が60ｃｍ以上のものは、「燃えないごみ」として扱い
ます",ぬ
燃えないごみ,縫い針,危なくないようにして出して下さい,ぬ
資源ごみ（紙類・布類）,布類（めん100%のもの）,ヒモで束ねて下さい,ぬ
燃えるごみ,布類（めん100%以外のもの）,,ぬ
燃えるごみ,布類（汚れたもの）,,ぬ
燃えるごみ,ネガフィルム,,ね
燃えるごみ,猫用の砂,,ね
燃えないごみ,ねじ,,ね
燃えないごみ,寝袋,,ね
燃えるごみ,粘着テープ,,ね
燃えるごみ,粘土（教材用）,,ね
収集も受入もしないごみ,農機具,産業廃棄物です,の
収集も受入もしないごみ,農業用ビニール,産業廃棄物です,の
収集も受入もしないごみ,農薬類,産業廃棄物です,の
燃えるごみ,ノーカーボン紙,,の
資源ごみ（紙類・布類）,ノート,"その他の紙類として扱いますので、ヒモで束ねて出して
下さい",の
"資源ごみ（小型家電リサイク
ル）",ノートパソコン,"電池使用のものは、電池を取り除いて下さい、個人情報
等のデータがあれば削除して出して下さい",の
燃えないごみ,のこぎり,危なくないようにして出して下さい,の
"資源ごみ（ﾋﾞﾝ･ｶﾝ･ﾍﾟｯﾄﾎﾞﾄ
ﾙ）",海苔容器(ガラス製・PET製）,"ｷｬｯﾌﾟ（栓）をはずし、中身を空にして、水で中を洗って下
さい",の
"資源ごみ（ﾋﾞﾝ･ｶﾝ･ﾍﾟｯﾄﾎﾞﾄ
ﾙ）",海苔容器(金属製）,"ｷｬｯﾌﾟ（栓）をはずし、中身を空にして、水で中を洗って下
さい",の
燃えるごみ,海苔容器(プラスチック製）,,の
"資源ごみ（小型家電リサイク
ル）",ハードディスク記憶装置(HDＤ),"電池使用のものは、電池を取り除いて下さい、個人情報
等のデータがあれば削除して出して下さい",は
"資源ごみ（小型家電リサイク
ル）",ハードディスク(HD)レコーダ,"電池使用のものは、電池を取り除いて下さい、個人情報
等のデータがあれば削除して出して下さい",は
燃えるごみ,灰(家庭からの少量のもの）,多量の場合は現地確認が必要です,は
収集も受入もしないごみ,バイク,専門業者または販売店に依頼、相談して下さい,ば
燃えないごみ,灰皿,,は
燃えないごみ,パイプハンガー,,ぱ
粗大ごみ,パイプベッド,,ぱ
収集も受入もしないごみ,廃油（液体のまま）,専門業者または販売店に依頼、相談して下さい,は
燃えるごみ,廃油（布等にしみ込ませたもの）,,は
資源ごみ（紙類・布類）,バインダー(紙製）,"その他の紙類として扱いますので、ヒモで束ねて出して
下さい",ば
燃えるごみ,バインダー(プラスチック製）,,ば
資源ごみ（紙類・布類）,はがき,"その他の紙類として扱いますので、ヒモで束ねて出して
下さい",は
燃えるごみ,はがき（圧着はがき）,,は
燃えないごみ,はかり,,は
燃えないごみ,白熱灯,,は
燃えないごみ,バケツ(金属製）,,ば
燃えるごみ,バケツ(プラスチック製）,,ば
燃えないごみ,はさみ類,危なくないようにして出して下さい,は
燃えるごみ,箸,,は
燃えないごみ,箸（金属製）,,は
燃えないごみ,パソコンのプリンター,,ぱ
"資源ごみ（小型家電リサイク
ル）",パソコン（本体・ディスプレイ）,"電池使用のものは、電池を取り除いて下さい、個人情報
等のデータがあれば削除して出して下さい",ぱ
粗大ごみ,パソコンラック・パソコンデスク,,ぱ
燃えないごみ,鉢（素焼き鉢）,,は
燃えるごみ,鉢（プラスチック製）,,は
燃えるごみ,バッグ,,ば
収集も受入もしないごみ,バッテリー,専門業者または販売店に依頼、相談して下さい,ば
粗大ごみ,"発電機
(家庭用で持ち運びのできるもの）",燃料を使い切って下さい,は
燃えるごみ,バット（プラスチック製）,,ば
燃えないごみ,バット（木製・金属製）,,ば
燃えるごみ,発砲スチロール,,は
燃えるごみ,花火,1日間、水に浸けて下さい,は
燃えるごみ,歯ブラシ,,は
燃えないごみ,刃物,新聞紙等に包み「キケン」と表示して下さい,は
燃えないごみ,針,危なくないようにして出して下さい,は
燃えないごみ,針金,危なくないようにして出して下さい,は
燃えないごみ,ハロゲンヒーター,,は
燃えないごみ,ハンガー(金属製）,,は
燃えるごみ,ハンガー(木製・プラスチック製）,,は
燃えるごみ,はんこ,,は
燃えるごみ,半紙（墨の付いたもの）,,は
燃えるごみ,ばんそうこう,,ば
資源ごみ（紙類・布類）,パンフレット（紙類）,"その他の紙類として扱いますので、ヒモで束ねて出して
下さい",ぱ
燃えないごみ,パン焼き機(家庭用）,,ぱ
収集も受入もしないごみ,ピアノ,専門業者または販売店に依頼、相談して下さい,ぴ
"資源ごみ（小型家電リサイク
ル）",ＢＳ(衛星放送)チューナー,電池使用のものは、電池を取り除いて下さい,び
燃えないごみ,ビーチパラソル,,び
"資源ごみ（ﾋﾞﾝ･ｶﾝ･ﾍﾟｯﾄﾎﾞﾄ
ﾙ）",ビールカン,"ｷｬｯﾌﾟ（栓）をはずし、中身を空にして、水で中を洗って下
さい",び
資源ごみ（紙類・布類）,ビールケース（紙製）,ヒモで束ねて下さい,び
燃えないごみ,ビールケース（プラスチック製）,販売店へ返却できます（有価物です）,び
"資源ごみ（ﾋﾞﾝ･ｶﾝ･ﾍﾟｯﾄﾎﾞﾄ
ﾙ）",ビールビン（大ビン）,"ｷｬｯﾌﾟ（栓）をはずし、中身を空にして、水で中を洗って下
さい",び
"資源ごみ（ﾋﾞﾝ･ｶﾝ･ﾍﾟｯﾄﾎﾞﾄ
ﾙ）",ビールビン（大ビン以外）,"ｷｬｯﾌﾟ（栓）をはずし、中身を空にして、水で中を洗って下
さい",び
"資源ごみ（小型家電リサイク
ル）",ビデオカメラ,"電池使用のものは、電池を取り除いて下さい、個人情報
等のデータがあれば削除して出して下さい",び
燃えるごみ,ビデオテープ,,び
"資源ごみ（小型家電リサイク
ル）",ビデオデッキ,電池使用のものは、電池を取り除いて下さい,び
燃えるごみ,ビニールコーティング紙,,び
燃えないごみ,ビニールシート（ブルーシート）,,び
燃えるごみ,ビニール風呂敷,,び
燃えるごみ,ビニールホース,一辺が60cm未満になるよう切って下さい,び
"資源ごみ（ﾋﾞﾝ･ｶﾝ･ﾍﾟｯﾄﾎﾞﾄ
ﾙ）",ビン【飲食用のもの】,"ｷｬｯﾌﾟ（栓）をはずし、中身を空にして、水で中を洗って下
さい",び
燃えないごみ,ビン【飲食用以外のもの】,,び
資源ごみ（紙類・布類）,便せん,"その他の紙類として扱いますので、ヒモで束ねて出して
下さい",び
燃えないごみ,ビン（汚れたもの）,,び
資源ごみ（紙類・布類）,ファイル(紙製）,"その他の紙類として扱いますので、ヒモで束ねて出して
下さい",ふ
燃えるごみ,ファイル(プラスチック製）,,ふ
"資源ごみ（小型家電リサイク
ル）",FAX ファクシミリ,"電池使用のものは、電池を取り除いて下さい、個人情報
等のデータがあれば削除して出して下さい",ふ
燃えるごみ,FAX用紙(感熱紙）,,ふ
燃えないごみ,ファンヒーター,,ふ
資源ごみ（紙類・布類）,封筒,"その他の紙類として扱いますので、ヒモで束ねて出して
下さい",ふ
燃えるごみ,封筒（ビニール製）,,ふ
資源ごみ（紙類・布類）,封筒（ビニール窓付き）,"窓部分（セロファン）は取り除いて「燃えるごみ」へ出して
下さい",ふ
燃えないごみ,風鈴,,ふ
燃えないごみ,フォーク(金属製）,危なくないようにして出して下さい,ふ
燃えるごみ,フォーク(プラスチック製）,危なくないようにして出して下さい,ふ
資源ごみ（紙類・布類）,服（めん100%のものに限る）,ヒモで束ねて下さい,ふ
粗大ごみ,ふすま,"一辺が60cm未満になるように切れば「燃えるごみ」で
す、多量の場合は現地確認が必要です",ふ
受入のみをするごみ,仏壇,"持込まれない場合には、専門業者または販売店に依
頼、相談して下さい",ぶ
燃えるごみ,筆,,ふ
燃えないごみ,ふとん,ヒモで束ねて下さい,ふ
燃えないごみ,ふとん乾燥機,,ふ
燃えないごみ,フライパン,,ふ
燃えないごみ,ブラインド,,ぶ
粗大ごみ,ぶら下がり健康器,,ぶ
燃えるごみ,プラスチック収納ケース,"一辺が60ｃｍ以上のものは、「燃えないごみ」として扱い
ます",ぷ
燃えるごみ,プラスチックトレイ,,ぷ
燃えるごみ,プラスチック容器,"一辺が60ｃｍ以上のものは、「燃えないごみ」として扱い
ます",ぷ
燃えるごみ,プラモデル,,ぷ
燃えないごみ,"フラワーポット
(金属製・陶磁器類）",,ふ
燃えるごみ,"フラワーポット
(木製・プラスチック製）",,ふ
粗大ごみ,ブランコ(幼児用）,,ぶ
燃えないごみ,プランター(金属製・陶磁器製）,,ぷ
燃えるごみ,プランター(プラスチック製）,,ぷ
燃えないごみ,ブルーシート,,ぶ
"資源ごみ（小型家電リサイク
ル）",BD ブルーレイ録画再生機,電池使用のものは、電池を取り除いて下さい,ぶ
資源ごみ（紙類・布類）,古本,"その他の紙類として扱いますので、ヒモで束ねて出して
下さい",ふ
粗大ごみ,風呂釜（マキ焚き兼用風呂釜）,多量の場合は現地確認が必要です,ふ
収集も受入もしないごみ,風呂釜（浴槽）,専門業者または販売店に依頼、相談して下さい,ふ
燃えるごみ,風呂敷,,ふ
燃えるごみ,フロッピーディスク,,ふ
燃えないごみ,風呂ふた(木製・プラスチック製）,指定袋に入らないものは「粗大ごみ」になります,ふ
燃えるごみ,風呂マット(スポンジ製）,"一辺が60ｃｍ以上のものは、「燃えないごみ」として扱い
ます",ふ
燃えないごみ,文鎮,,ぶ
燃えないごみ,ヘアスプレー缶,中身を使い切り、穴を空けて下さい,へ
"資源ごみ（小型家電リサイク
ル）",ヘアドライヤー、ヘアアイロン,電池使用のものは、電池を取り除いて下さい,へ
燃えるごみ,ヘアブラシ,,へ
燃えるごみ,ペーパータオル,,ぺ
粗大ごみ,ベッド,,べ
燃えるごみ,ペット小屋（木製・プラスチック製）,一辺が60ｃｍ以上のものは、「粗大ごみ」として扱います,ぺ
燃えるごみ,ペットの砂,,ぺ
"資源ごみ（ﾋﾞﾝ･ｶﾝ･ﾍﾟｯﾄﾎﾞﾄ
ﾙ）",ペットフードの缶,"ｷｬｯﾌﾟ（栓）をはずし、中身を空にして、水で中を洗って下
さい",ぺ
"資源ごみ（小型家電リサイク
ル）",ヘッドフォン、イヤホン,電池使用のものは、電池を取り除いて下さい,ぺ
"資源ごみ（ﾋﾞﾝ･ｶﾝ･ﾍﾟｯﾄﾎﾞﾄ
ﾙ）",ペットボトル（飲食用のもの）,"ﾗﾍﾞﾙを剥がし、ｷｬｯﾌﾟ（栓）をはずし、中身を空にして、水
で中を洗って下さい",ぺ
燃えるごみ,"ペットボトル
※工作などで加工したもの",,ぺ
燃えるごみ,ペットボトル（飲食用以外のもの）,,ぺ
燃えるごみ,"ペットボトル（飲食用のもの）
※ノンオイルドレッシング以外のもの",,ぺ
燃えるごみ,ペットボトルのふた,,ぺ
燃えるごみ,ペットボトルのラベル,,ぺ
粗大ごみ,ベッドマット,,べ
粗大ごみ,ベニヤ板(家庭用）,"一辺が60cm未満になるように切れば「燃えるごみ」で
す、多量の場合は現地確認が必要です",べ
燃えないごみ,ベビーカー,,べ
燃えないごみ,ベビーチェア,,べ
燃えないごみ,ベビーふとん,ヒモで束ねて下さい,べ
粗大ごみ,ベビーベッド,,べ
燃えないごみ,ヘルスメーター(体重計）,電池を取り除いて下さい,ぺ
燃えるごみ,ベルト(ズボン用）,,べ
燃えるごみ,ヘルメット,,へ
受入のみをするごみ,便器,多量の場合は現地確認が必要です,べ
収集も受入もしないごみ,ペンキ（液体のまま）,専門業者または販売店に依頼、相談して下さい,ぺ
燃えないごみ,ペンキ（固形になったもの）,,ぺ
燃えないごみ,便座,,べ
粗大ごみ,ベンチ,,ぺ
燃えないごみ,ペンチ,,ぺ
燃えるごみ,弁当がら,,べ
収集も受入もしないごみ,ボイラー,専門業者または販売店に依頼、相談して下さい,ぼ
粗大ごみ,ホイール(車）※タイヤの付いていないもの,,ほ
燃えないごみ,望遠鏡,,ぼ
燃えるごみ,ほうき,一辺が60cm未満になるよう切って下さい,ほ
燃えるごみ,帽子,,ぼ
燃えるごみ,包帯,,ほ
燃えるごみ,防虫剤(タンス用）,,ぼ
燃えないごみ,包丁,新聞紙等に包み「キケン」と表示して下さい,ほ
燃えないごみ,包丁研ぎ器,,ほ
粗大ごみ,ボウリングの球,,ぼ
燃えないごみ,ボウル(台所用品）(金属製）,,ぼ
燃えるごみ,"ボウル(台所用品）
(プラスチック製）",,ぼ
燃えるごみ,ホース(ビニール製・ゴム製）,一辺が60cm未満になるよう切って下さい,ほ
"資源ごみ（小型家電リサイ
クル）",ポータブルゲーム機(画面付き),"電池使用のものは、電池を取り除いて下さい、個人情
報等のデータがあれば削除して出して下さい",ほ
粗大ごみ,"ポータブルトイレ
※介護用",,ほ
燃えるごみ,ボール(スポーツ用品）,,ぼ
燃えないごみ,ホーロー鍋,,ほ
燃えないごみ,歩行器(幼児用）,,ほ
資源ごみ（紙類・布類）,ポスター（紙製）,"その他の紙類として扱いますので、ヒモで束ねて出して
下さい",ぽ
燃えないごみ,ボタン(金属製）,,ぼ
燃えるごみ,ボタン(ゴム製・プラスチック製）,,ぼ
収集も受入もしないごみ,ボタン電池,市内の協力販売店等の回収箱（缶）へお願いします,ぼ
"資源ごみ（小型家電リサイ
クル）",補聴器（医療用）,電池使用のものは、電池を取り除いて下さい,ほ
燃えないごみ,ポット(魔法瓶）,,ぽ
燃えないごみ,ホットカーペット,,ほ
燃えないごみ,ホットプレート,,ほ
燃えないごみ,ほ乳びん(ガラス製）,,ほ
燃えるごみ,ほ乳びん(プラスチック製）,,ほ
燃えるごみ,ポリタンク,,ぽ
燃えるごみ,ポリバケツ,"一辺が60ｃｍ以上のものは、「燃えないごみ」として扱
います",ぽ
燃えるごみ,保冷剤,,ほ
資源ごみ（紙類・布類）,本,"その他の紙類として扱いますので、ヒモで束ねて出して
下さい",ほ
燃えないごみ,本立て(金属製）,,ほ
燃えるごみ,本立て（木製・プラスチック製）,,ほ
粗大ごみ,本棚,,ほ
粗大ごみ,麻雀卓,,ま
燃えるごみ,麻雀パイ,,ま
燃えないごみ,マイク,,ま
"資源ごみ（小型家電リサイ
クル）",マウス（パソコン用）,電池使用のものは、電池を取り除いて下さい,ま
燃えないごみ,マグネット,,ま
燃えるごみ,まくら,,ま
粗大ごみ,マッサージチェアー,,ま
燃えるごみ,マッチ,1日間、水に浸けて下さい,ま
燃えるごみ,マット(玄関・台所マットなど）,"一辺が60ｃｍ以上のものは、「燃えないごみ」として扱
います",ま
燃えないごみ,マットレス,折りたためないものは「粗大ごみ」として取り扱います,ま
燃えないごみ,窓ガラス(板ガラス）,新聞紙等に包み「キケン」と表示して下さい,ま
資源ごみ（紙類・布類）,窓付き封筒,"窓部分（セロファン）は取り除いて「燃えるごみ」へ出し
て下さい",ま
燃えるごみ,まな板,"一辺が60ｃｍ以上のものは、「燃えないごみ」として扱
います",ま
燃えないごみ,マニキュアビン,,ま
燃えないごみ,豆電球,危なくないようにして出して下さい,ま
資源ごみ（紙類・布類）,マンガ本,"その他の紙類として扱いますので、ヒモで束ねて出して
下さい",ま
燃えないごみ,万年筆,,ま
燃えないごみ,ミキサー,,み
粗大ごみ,ミシン（足ふみ式）,,み
燃えないごみ,ミシン（電動式）,,み
燃えないごみ,ミニカー(金属製）,,み
燃えるごみ,ミニカー(プラスチック製）,,み
"資源ごみ（ﾋﾞﾝ･ｶﾝ･ﾍﾟｯﾄﾎﾞﾄ
ﾙ）",みりん容器（ビン製・ペットボトル製）,"ｷｬｯﾌﾟ（栓）をはずし、中身を空にして、水で中を洗って下
さい",み
"資源ごみ（ﾋﾞﾝ･ｶﾝ･ﾍﾟｯﾄﾎﾞﾄ
ﾙ）",ミルク缶,"ｷｬｯﾌﾟ（栓）をはずし、中身を空にして、水で中を洗って下
さい",み
燃えるごみ,麦わら帽子,,む
燃えないごみ,虫かご(金属製）,,む
燃えるごみ,虫かご(プラスチック製）,,む
燃えないごみ,蒸し器,,む
燃えないごみ,虫めがね,,む
燃えないごみ,メガネ,,め
燃えないごみ,メジャー(金属製）,,め
燃えるごみ,メジャー(ビニール製）,一辺が60cm未満になるよう切って下さい,め
燃えないごみ,メダル（記章）,,め
資源ごみ（紙類・布類）,メモ用紙,"その他の紙類として扱いますので、ヒモで束ねて出して
下さい",め
"資源ごみ（小型家電リサイク
ル）",メモリーカード、ＵＳＢメモリ,"電池使用のものは、電池を取り除いて下さい、個人情報
等のデータがあれば削除して出して下さい",め
資源ごみ（紙類・布類）,綿（めん）パン,ヒモで束ねて下さい,め
燃えないごみ,メガネ,,め
燃えないごみ,メジャー(金属製）,,め
燃えるごみ,メジャー(ビニール製）,一辺が60cm未満になるよう切って下さい,め
燃えないごみ,メダル（記章）,,め
資源ごみ（紙類・布類）,メモ用紙,"その他の紙類として扱いますので、ヒモで束ねて出して
下さい",め
"資源ごみ（小型家電リサイク
ル）",メモリーカード、ＵＳＢメモリ,"電池使用のものは、電池を取り除いて下さい、個人情報
等のデータがあれば削除して出して下さい",め
資源ごみ（紙類・布類）,綿（めん）パン,ヒモで束ねて下さい,め
燃えないごみ,毛布,ヒモで束ねて下さい,も
燃えるごみ,燃え殻（少量のもの）,多量の場合は現地確認が必要です,も
燃えるごみ,木片,一辺が60cm未満、直径が10cmになるよう切って下さい,も
燃えないごみ,餅つき機,,も
燃えないごみ,モップ（柄付きモップ）,,も
燃えないごみ,物干し竿,,も
燃えないごみ,物干し台（金属部分）,,も
受入のみをするごみ,物干し台（コンクリート部分）,"多量の場合は現地確認が必要です、持込まれない場合
には、専門業者または販売店に依頼、相談して下さい",も
燃えないごみ,やかん,,や
燃えないごみ,焼きアミ,,や
燃えないごみ,焼肉たれの容器（ビン製）,"ｷｬｯﾌﾟ（栓）をはずし、中身を空にして、水で中を洗って下
さい",や
燃えるごみ,焼肉たれの容器（PET製）,"ｷｬｯﾌﾟ（栓）をはずし、中身を空にして、水で中を洗って下
さい",や
燃えないごみ,焼き物（陶磁器類）,,や
燃えるごみ,野球のグローブ,,や
燃えるごみ,野球バット（ﾌﾟﾗｽﾁｯｸ製）,,や
燃えないごみ,野球バット（木製・金属製）,,や
燃えるごみ,野球ボール,,や
収集も受入もしないごみ,薬剤（除草剤など）,専門業者または販売店に依頼、相談して下さい,や
収集も受入もしないごみ,薬品（除草剤など）,専門業者または販売店に依頼、相談して下さい,や
燃えるごみ,薬剤（除草剤など）の容器,,や
燃えるごみ,薬品（内服薬）,,や
"資源ごみ（小型家電リサイク
ル）",ＵＳＢメモリ、メモリーカード,"電池使用のものは、電池を取り除いて下さい、個人情報
等のデータがあれば削除して出して下さい",ゆ
燃えないごみ,湯たんぽ（金属製・陶磁器製）,,ゆ
燃えるごみ,湯たんぽ（プラスチック製）,,ゆ
燃えないごみ,湯のみ茶わん,,ゆ
燃えないごみ,湯沸し器（台所用）,,ゆ
"資源ごみ（ﾋﾞﾝ･ｶﾝ･ﾍﾟｯﾄﾎﾞﾄ
ﾙ）",洋酒ビン,"ｷｬｯﾌﾟ（栓）をはずし、中身を空にして、水で中を洗って下
さい",よ
粗大ごみ,洋服ダンス,,よ
収集も受入もしないごみ,浴槽,専門業者または販売店に依頼、相談して下さい,よ
"資源ごみ（ﾋﾞﾝ･ｶﾝ･ﾍﾟｯﾄﾎﾞﾄ
ﾙ）",洋酒ビン,"ｷｬｯﾌﾟ（栓）をはずし、中身を空にして、水で中を洗って下
さい",よ
粗大ごみ,洋服ダンス,,よ
収集も受入もしないごみ,浴槽,専門業者または販売店に依頼、相談して下さい,よ
燃えないごみ,ライサー（米びつ）,,ら
燃えないごみ,ライター（金属製）,1日間、水に浸けて下さい,ら
燃えるごみ,ライター（プラスチック製・使い捨て）,1日間、水に浸けて下さい,ら
燃えないごみ,ラケット（金属製）,,ら
燃えるごみ,"ラケット
（木製・プラスチック製）",,ら
"資源ごみ（小型家電リサイク
ル）",ラジオ,電池使用のものは、電池を取り除いて下さい,ら
"資源ごみ（小型家電リサイク
ル）",ラジカセ,電池使用のものは、電池を取り除いて下さい,ら
燃えるごみ,ラップ類,,ら
燃えないごみ,ランチジャー,,ら
燃えるごみ,ランドセル,,ら
粗大ごみ,ランニングマシーン,,ら
燃えないごみ,ランプ,危なくないようにして出して下さい,ら
燃えるごみ,リコーダー（笛）,,り
収集も受入もしないごみ,リチウム電池,市内の協力販売店等の回収箱（缶）へお願いします,り
粗大ごみ,リヤカー,,り
粗大ごみ,ルーフキャリアー,,る
粗大ごみ,ルームランナー,,る
燃えるごみ,冷却まくら,,れ
"収集も受入もしないごみ（家
電リサイクル法対象品）",冷蔵庫,専門業者または販売店に依頼、相談して下さい,れ
"収集も受入もしないごみ（家
電リサイクル法対象品）",冷凍庫,専門業者または販売店に依頼、相談して下さい,れ
燃えるごみ,レコード,,れ
燃えないごみ,レコードプレーヤー,,れ
燃えるごみ,レシート,,れ
燃えるごみ,レジ袋,,れ
燃えないごみ,レジャーシート,,れ
燃えるごみ,レトルトパック,,れ
受入のみをするごみ,レンガ（家庭用）,多量の場合は現地確認が必要です,れ
燃えないごみ,レンジ・オーブンレンジ（電子・ガス）,一辺が60ｃｍ以上のものは、「粗大ごみ」として扱います,れ
燃えないごみ,レンズ（ガラス製）,,れ
燃えないごみ,老眼鏡,,ろ
燃えるごみ,ローソク,,ろ
燃えるごみ,ロープ,一辺が60cm未満になるよう切って下さい,ろ
燃えないごみ,ローラースケート,,ろ
粗大ごみ,ロッカー,,ろ
燃えないごみ,ワープロ,,わ
"資源ごみ（ﾋﾞﾝ･ｶﾝ･ﾍﾟｯﾄﾎﾞﾄ
ﾙ）",ワインビン,"ｷｬｯﾌﾟ（栓）をはずし、中身を空にして、水で中を洗って
下さい",わ
燃えるごみ,輪ゴム,,わ
燃えないごみ,ワゴン,指定袋に入らないものは「粗大ごみ」になります,わ
燃えるごみ,綿（わた）,,わ
粗大ごみ,和ダンス,,わ
燃えるごみ,ワッペン,,わ
燃えるごみ,割り箸,,わ
資源ごみ（紙類・布類）,割り箸の袋（紙）,,わ
燃えるごみ,割り箸の袋（ビニール）,,わ
燃えないごみ,割れたガラス類,新聞紙等に包み「キケン」と表示して下さい,わ
燃えないごみ,割れた蛍光灯・蛍光管,新聞紙等に包み「キケン」と表示して下さい,わ
燃えないごみ,割れたビン,新聞紙等に包み「キケン」と表示して下さい,わ
"資源ごみ（ﾋﾞﾝ･ｶﾝ･ﾍﾟｯﾄﾎﾞﾄ
ﾙ）",ワンカップビン,"ｷｬｯﾌﾟ（栓）をはずし、中身を空にして、水で中を洗って
下さい",わ
